City,Lat,Lng,Max Temp,Humidity,Cloudiness,Wind Speed,Country,Date
yellowknife,62.456,-114.3525,67.32,72.0,20.0,1.01,CA,1627806016.0
keningau,5.3378,116.1602,86.45,69.0,96.0,4.54,MY,1627806173.0
saint-joseph,-21.3667,55.6167,75.58,76.0,21.0,13.62,RE,1627806175.0
krivodol,43.3744,23.4844,96.13,26.0,0.0,3.15,BG,1627806175.0
puerto ayora,-0.7393,-90.3518,70.56,90.0,6.0,7.0,EC,1627806175.0
rikitea,-23.1203,-134.9692,70.95,71.0,95.0,22.84,PF,1627805708.0
arraial do cabo,-22.9661,-42.0278,65.89,60.0,93.0,13.87,BR,1627806176.0
moorhead,46.8739,-96.7676,61.99,69.0,1.0,1.01,US,1627806177.0
fort nelson,58.8053,-122.7002,62.19,77.0,20.0,2.3,CA,1627806177.0
peniche,39.3558,-9.3811,69.62,82.0,68.0,7.05,PT,1627806178.0
codrington,-38.2667,141.9667,46.94,91.0,60.0,7.58,AU,1627806178.0
albany,42.6001,-73.9662,59.59,86.0,39.0,3.13,US,1627805483.0
bandarbeyla,9.4942,50.8122,88.9,43.0,94.0,26.75,SO,1627806178.0
new norfolk,-42.7826,147.0587,44.71,71.0,15.0,3.0,AU,1627805882.0
lebu,-37.6167,-73.65,45.75,70.0,12.0,14.47,CL,1627805889.0
astana,51.1801,71.446,85.95,35.0,0.0,6.71,KZ,1627806179.0
sao miguel do araguaia,-13.275,-50.1628,70.88,47.0,30.0,3.29,BR,1627806180.0
cidreira,-30.1811,-50.2056,52.21,91.0,50.0,7.16,BR,1627806004.0
sinazongwe,-17.2614,27.4618,67.68,54.0,2.0,3.51,ZM,1627806180.0
hermanus,-34.4187,19.2345,60.8,79.0,34.0,12.33,ZA,1627806181.0
nome,64.5011,-165.4064,48.27,87.0,90.0,5.75,US,1627806181.0
san patricio,28.017,-97.5169,84.07,80.0,4.0,9.06,US,1627806182.0
tevaitoa,-16.7833,-151.5,76.84,67.0,66.0,15.01,PF,1627806182.0
teya,60.3778,92.6267,79.43,30.0,19.0,1.88,RU,1627806075.0
kapaa,22.0752,-159.319,80.92,77.0,40.0,4.0,US,1627805961.0
mpika,-11.8343,31.4529,56.73,82.0,95.0,8.34,ZM,1627806183.0
rapar,23.5667,70.6333,88.14,62.0,100.0,21.05,IN,1627806067.0
bluff,-46.6,168.3333,44.8,88.0,46.0,5.66,NZ,1627806184.0
chokurdakh,70.6333,147.9167,47.41,49.0,16.0,14.29,RU,1627805904.0
tuktoyaktuk,69.4541,-133.0374,59.58,68.0,32.0,14.32,CA,1627805896.0
sitka,57.0531,-135.33,60.69,88.0,90.0,3.44,US,1627806185.0
cocobeach,1.0002,9.5823,78.73,81.0,100.0,8.88,GA,1627806185.0
korla,41.7597,86.1469,87.82,18.0,27.0,11.59,CN,1627806002.0
cherskiy,68.75,161.3,42.3,60.0,98.0,20.07,RU,1627806186.0
el sauzal,31.9,-116.6833,68.99,72.0,0.0,5.88,MX,1627806186.0
teguldet,57.3064,88.1667,71.85,53.0,80.0,1.28,RU,1627806105.0
ushuaia,-54.8,-68.3,42.46,65.0,20.0,13.8,AR,1627806094.0
sikonge,-5.6333,32.7667,76.08,35.0,0.0,10.89,TZ,1627806187.0
masuguru,-11.3667,38.4167,81.37,40.0,56.0,8.08,TZ,1627806187.0
hithadhoo,-0.6,73.0833,82.24,70.0,96.0,6.17,MV,1627805906.0
neiafu,-18.65,-173.9833,76.59,78.0,93.0,24.25,TO,1627806188.0
ribeira grande,38.5167,-28.7,72.0,78.0,20.0,6.91,PT,1627806188.0
arman,59.7,150.1667,61.54,71.0,32.0,3.33,RU,1627806189.0
komsomolskiy,40.4272,71.7189,93.92,22.0,88.0,4.61,UZ,1627806189.0
pierre,44.3683,-100.351,65.28,78.0,1.0,4.0,US,1627805551.0
provideniya,64.3833,-173.3,44.28,81.0,100.0,4.7,RU,1627806126.0
husavik,66.0449,-17.3389,53.51,65.0,98.0,4.41,IS,1627806009.0
ostrovnoy,68.0531,39.5131,52.86,73.0,25.0,4.27,RU,1627806190.0
dunedin,-45.8742,170.5036,51.8,88.0,97.0,3.0,NZ,1627805902.0
bredasdorp,-34.5322,20.0403,60.28,77.0,63.0,6.91,ZA,1627806191.0
souillac,-20.5167,57.5167,75.58,60.0,75.0,18.41,MU,1627805956.0
mataura,-46.1927,168.8643,45.48,99.0,100.0,2.19,NZ,1627805960.0
jamestown,42.097,-79.2353,64.71,91.0,40.0,1.01,US,1627806251.0
kigoma,-4.8769,29.6267,78.24,38.0,3.0,9.51,TZ,1627806252.0
namatanai,-3.6667,152.4333,79.5,79.0,16.0,5.7,PG,1627805986.0
verkhnyaya toyma,62.2349,44.9985,69.26,59.0,47.0,7.16,RU,1627806252.0
talnakh,69.4865,88.3972,52.9,90.0,100.0,9.6,RU,1627806253.0
port alfred,-33.5906,26.891,71.98,30.0,100.0,13.31,ZA,1627806253.0
barrow,71.2906,-156.7887,51.82,84.0,20.0,4.61,US,1627805965.0
margate,51.3813,1.3862,64.69,88.0,60.0,1.99,GB,1627806138.0
ailigandi,9.2333,-78.0167,81.23,85.0,89.0,7.47,PA,1627806254.0
saskylakh,71.9167,114.0833,83.77,24.0,77.0,9.82,RU,1627806105.0
victoria,22.2855,114.1577,87.76,84.0,100.0,5.01,HK,1627806090.0
morondava,-20.2833,44.2833,76.95,47.0,0.0,8.03,MG,1627806255.0
faanui,-16.4833,-151.75,77.41,67.0,80.0,15.17,PF,1627806255.0
mitu,1.1983,-70.1733,70.95,84.0,100.0,2.37,CO,1627806256.0
ponta do sol,32.6667,-17.1,73.0,74.0,10.0,6.89,PT,1627806256.0
tuzha,57.6062,47.936,76.89,41.0,21.0,12.59,RU,1627806256.0
izhma,65.0083,53.9113,61.11,90.0,100.0,7.83,RU,1627806257.0
flinders,-34.5833,150.8552,55.8,87.0,99.0,7.0,AU,1627806257.0
hamilton,39.1834,-84.5333,62.73,92.0,1.0,1.99,US,1627806258.0
mabaruma,8.2,-59.7833,72.61,99.0,17.0,2.08,GY,1627806258.0
vaini,-21.2,-175.2,71.76,78.0,75.0,28.77,TO,1627806258.0
bambous virieux,-20.3428,57.7575,75.45,60.0,75.0,18.41,MU,1627805968.0
lorengau,-2.0226,147.2712,83.12,77.0,4.0,6.87,PG,1627806259.0
santa fe,-31.6333,-60.7,46.99,73.0,0.0,3.49,AR,1627806033.0
chuy,-33.6971,-53.4616,45.52,93.0,0.0,2.28,UY,1627805938.0
alofi,-19.0595,-169.9187,75.09,100.0,57.0,8.05,NU,1627806260.0
san rafael,-34.6177,-68.3301,43.92,65.0,0.0,4.43,AR,1627806039.0
haradok,55.4624,29.9816,73.51,79.0,100.0,8.23,BY,1627806260.0
chara,56.9064,118.2631,52.95,83.0,100.0,4.92,RU,1627806261.0
dikson,73.5069,80.5464,41.34,99.0,100.0,6.11,RU,1627805875.0
lavrentiya,65.5833,-171.0,41.29,91.0,100.0,4.29,RU,1627805881.0
kitui,-1.367,38.0106,74.68,44.0,77.0,13.65,KE,1627806262.0
hilo,19.7297,-155.09,74.93,86.0,90.0,0.0,US,1627806026.0
georgetown,5.4112,100.3354,80.53,87.0,40.0,1.01,MY,1627806171.0
port lincoln,-34.7333,135.8667,55.09,70.0,6.0,14.34,AU,1627806263.0
axim,4.8699,-2.2405,78.55,79.0,61.0,7.29,GH,1627806263.0
yulara,-25.2406,130.9889,71.44,33.0,0.0,12.66,AU,1627805988.0
nanortalik,60.1432,-45.2371,49.3,82.0,100.0,17.63,GL,1627806264.0
kruisfontein,-34.0033,24.7314,61.88,49.0,87.0,9.8,ZA,1627805977.0
carnarvon,-24.8667,113.6333,68.07,61.0,16.0,16.11,AU,1627806264.0
punta arenas,-53.15,-70.9167,42.91,75.0,0.0,18.41,CL,1627805673.0
saint anthony,45.0205,-93.218,67.62,68.0,1.0,3.0,US,1627806265.0
yumen,40.2833,97.2,87.66,19.0,90.0,14.32,CN,1627806087.0
bairiki,1.3292,172.9752,82.4,74.0,20.0,2.3,KI,1627806265.0
zinder,13.8072,8.9881,82.36,74.0,20.0,13.8,NE,1627806266.0
suez,29.9737,32.5263,94.44,24.0,0.0,8.39,EG,1627806266.0
luderitz,-26.6481,15.1594,72.97,26.0,0.0,13.73,NA,1627806023.0
harer,9.3094,42.1258,66.24,61.0,75.0,11.25,ET,1627806267.0
ambilobe,-13.2,49.05,89.82,27.0,1.0,5.39,MG,1627806327.0
roma,43.2128,-75.4557,59.86,88.0,20.0,5.75,US,1627806328.0
port hardy,50.6996,-127.4199,55.58,94.0,90.0,2.3,CA,1627806328.0
usinsk,65.9939,57.5281,59.76,90.0,83.0,18.48,RU,1627806328.0
atuona,-9.8,-139.0333,77.32,64.0,100.0,14.05,PF,1627806329.0
saint-philippe,-21.3585,55.7679,76.59,80.0,37.0,16.46,RE,1627806329.0
metro,-5.1131,105.3067,87.24,59.0,62.0,8.66,ID,1627806329.0
dosso,13.049,3.1937,80.08,71.0,74.0,11.97,NE,1627806330.0
castro,-24.7911,-50.0119,43.83,94.0,100.0,3.15,BR,1627806330.0
tessalit,20.1986,1.0114,91.06,32.0,89.0,17.63,ML,1627806181.0
melenki,55.3343,41.6295,77.0,44.0,100.0,6.71,RU,1627806331.0
kon tum,14.35,108.0,81.34,78.0,100.0,7.85,VN,1627806332.0
borculo,52.1158,6.5222,64.87,89.0,20.0,11.7,NL,1627806332.0
khatanga,71.9667,102.5,72.23,47.0,98.0,7.47,RU,1627806332.0
hobart,-42.8794,147.3294,45.05,73.0,20.0,1.99,AU,1627805828.0
guatire,10.4762,-66.5427,77.68,97.0,98.0,3.42,VE,1627806333.0
hualmay,-11.0964,-77.6139,61.97,88.0,83.0,7.74,PE,1627806333.0
amga,60.8953,131.9608,83.53,30.0,18.0,5.26,RU,1627806334.0
bud,39.447,-86.1758,61.92,97.0,18.0,5.48,US,1627806334.0
samfya,-11.3649,29.5565,68.85,51.0,23.0,12.95,ZM,1627806334.0
idritsa,56.3316,28.8988,76.41,46.0,67.0,9.69,RU,1627806335.0
nuuk,64.1835,-51.7216,47.01,93.0,90.0,14.97,GL,1627806091.0
clyde river,70.4692,-68.5914,37.63,100.0,90.0,6.91,CA,1627806335.0
longyearbyen,78.2186,15.6401,44.44,70.0,20.0,17.27,SJ,1627806156.0
college,64.8569,-147.8028,68.32,61.0,75.0,0.0,US,1627806115.0
polis,35.0367,32.4264,100.29,27.0,0.0,5.37,CY,1627806336.0
bubaque,11.2833,-15.8333,78.55,84.0,100.0,16.8,GW,1627806336.0
lukavica,44.7628,18.1689,89.82,27.0,57.0,8.81,BA,1627806337.0
butaritari,3.0707,172.7902,83.3,70.0,23.0,7.18,KI,1627806104.0
amalapuram,16.5833,82.0167,95.38,42.0,99.0,11.41,IN,1627806305.0
diapaga,12.0708,1.7889,75.96,81.0,96.0,8.7,BF,1627806338.0
lata,40.1629,-8.3327,66.04,67.0,24.0,2.8,PT,1627806338.0
juazeiro,-9.4117,-40.4986,69.98,83.0,75.0,10.36,BR,1627806339.0
maarianhamina,60.0973,19.9348,66.06,72.0,0.0,6.91,AX,1627806339.0
san policarpo,12.1791,125.5072,91.92,54.0,99.0,11.88,PH,1627806340.0
mar del plata,-38.0023,-57.5575,44.1,30.0,90.0,5.99,AR,1627806340.0
nikolskoye,59.7035,30.7861,66.09,86.0,92.0,5.19,RU,1627805959.0
pevek,69.7008,170.3133,34.03,91.0,96.0,19.46,RU,1627806341.0
narsaq,60.9167,-46.05,50.22,68.0,100.0,0.87,GL,1627806341.0
pisco,-13.7,-76.2167,62.65,82.0,90.0,4.61,PE,1627805925.0
kunigal,13.0222,77.0267,82.9,53.0,100.0,14.5,IN,1627806342.0
muros,42.7762,-9.0603,65.23,84.0,57.0,6.04,ES,1627806343.0
airai,-8.9266,125.4092,71.58,50.0,41.0,2.89,TL,1627806343.0
edson,53.5835,-116.4356,59.14,100.0,1.0,2.3,CA,1627806343.0
qaanaaq,77.484,-69.3632,39.06,95.0,80.0,2.53,GL,1627806174.0
lishui,28.4604,119.9103,84.94,84.0,96.0,3.78,CN,1627806344.0
natal,-5.795,-35.2094,72.25,100.0,75.0,8.05,BR,1627806297.0
trinidad,-14.8333,-64.9,62.55,56.0,15.0,4.41,BO,1627806345.0
lufilufi,-13.8745,-171.5986,82.18,79.0,85.0,18.84,WS,1627806345.0
esperance,-33.8667,121.9,50.95,73.0,96.0,22.84,AU,1627805931.0
tasiilaq,65.6145,-37.6368,46.56,78.0,17.0,1.57,GL,1627806406.0
deputatskiy,69.3,139.9,51.4,53.0,13.0,12.12,RU,1627806406.0
libreville,0.3925,9.4537,78.82,83.0,20.0,4.61,GA,1627806406.0
port blair,11.6667,92.75,84.25,77.0,100.0,20.45,IN,1627806404.0
bengkulu,-3.8004,102.2655,82.53,75.0,85.0,7.27,ID,1627806407.0
cockburn town,21.4612,-71.1419,82.17,79.0,10.0,20.62,TC,1627806407.0
rence,45.89,13.6686,85.86,61.0,31.0,9.22,SI,1627806408.0
busselton,-33.65,115.3333,55.04,57.0,11.0,18.34,AU,1627806408.0
areosa,41.7178,-8.8571,66.69,73.0,77.0,5.35,PT,1627806409.0
kathu,7.9178,98.3332,86.7,80.0,100.0,19.82,TH,1627806409.0
skala,50.2305,19.8536,69.39,89.0,40.0,4.61,PL,1627806409.0
cape town,-33.9258,18.4232,61.11,84.0,20.0,1.01,ZA,1627806349.0
myitkyina,25.3833,97.4,78.75,94.0,98.0,1.61,MM,1627806410.0
hay river,60.8156,-115.7999,66.18,77.0,20.0,2.3,CA,1627806410.0
lagunas,-5.2269,-75.6753,68.68,70.0,98.0,1.07,PE,1627806411.0
coihaique,-45.5752,-72.0662,40.95,52.0,0.0,6.91,CL,1627806411.0
huarmey,-10.0681,-78.1522,63.55,86.0,55.0,6.89,PE,1627806193.0
velur,12.9333,79.1333,96.46,33.0,100.0,15.93,IN,1627806412.0
saint george,37.1041,-113.5841,79.63,55.0,20.0,5.01,US,1627806412.0
samarai,-10.6167,150.6667,77.34,63.0,97.0,12.41,PG,1627806413.0
tamuin,21.9833,-98.75,74.84,90.0,0.0,1.92,MX,1627806413.0
sakaiminato,35.55,133.2333,89.53,70.0,40.0,11.5,JP,1627806413.0
sayat,38.7839,63.8803,96.67,9.0,0.0,20.74,TM,1627806414.0
moose factory,51.2585,-80.6094,44.6,87.0,1.0,3.44,CA,1627806414.0
leningradskiy,69.3833,178.4167,35.01,94.0,98.0,16.73,RU,1627806415.0
orem,40.2969,-111.6946,71.94,77.0,20.0,1.01,US,1627806125.0
schwabmunchen,48.1833,10.75,60.21,88.0,100.0,2.26,DE,1627806415.0
secunda,-26.55,29.1667,62.31,36.0,4.0,5.01,ZA,1627806415.0
torbay,47.6666,-52.7314,60.67,88.0,75.0,13.8,CA,1627806416.0
itaituba,-4.2761,-55.9836,69.24,97.0,98.0,2.68,BR,1627806417.0
mahebourg,-20.4081,57.7,75.49,60.0,75.0,18.41,MU,1627806417.0
kodiak,57.79,-152.4072,54.91,88.0,1.0,4.61,US,1627805973.0
westport,41.1415,-73.3579,67.86,88.0,1.0,1.99,US,1627806418.0
vestmanna,62.1564,-7.1664,47.32,81.0,90.0,10.36,FO,1627806418.0
necochea,-38.5473,-58.7368,41.43,83.0,0.0,3.62,AR,1627806419.0
thompson,55.7435,-97.8558,53.76,76.0,1.0,0.0,CA,1627806419.0
medina,24.4686,39.6142,97.23,10.0,0.0,9.22,SA,1627806419.0
byron bay,-28.65,153.6167,73.51,76.0,0.0,12.8,AU,1627806420.0
noumea,-22.2763,166.4572,70.0,99.0,75.0,12.01,NC,1627806420.0
masvingo,-20.0637,30.8277,64.69,46.0,0.0,6.42,ZW,1627806420.0
hermiston,45.8404,-119.2895,87.62,49.0,75.0,9.22,US,1627806400.0
tuy hoa,13.0833,109.3,95.5,48.0,97.0,8.57,VN,1627806421.0
khandyga,62.6667,135.6,84.04,32.0,5.0,4.32,RU,1627806421.0
palembang,-2.9167,104.7458,93.29,49.0,20.0,3.44,ID,1627806422.0
gamba,-2.65,10.0,77.0,72.0,40.0,4.63,GA,1627806422.0
santa catalina,9.3337,122.8637,84.6,75.0,28.0,10.76,PH,1627806423.0
sao joao da barra,-21.6403,-41.0511,65.59,59.0,100.0,9.66,BR,1627806214.0
bani walid,31.7566,13.9942,97.25,13.0,0.0,3.71,LY,1627806423.0
klaksvik,62.2266,-6.589,49.12,77.0,100.0,10.31,FO,1627806424.0
sola,-13.8833,167.55,76.62,65.0,46.0,10.54,VU,1627806424.0
nkhata bay,-11.6066,34.2907,72.59,61.0,21.0,8.86,MW,1627806484.0
mutoko,-17.397,32.2268,65.57,46.0,0.0,4.16,ZW,1627806485.0
lazaro cardenas,17.9583,-102.2,78.91,86.0,100.0,3.38,MX,1627806485.0
klyuchi,52.2667,79.1667,86.07,25.0,45.0,12.37,RU,1627806486.0
bethel,41.3712,-73.414,61.48,91.0,1.0,0.0,US,1627806486.0
haines junction,60.7522,-137.5108,57.15,58.0,15.0,4.61,CA,1627806486.0
yatou,37.15,122.3833,83.05,74.0,76.0,11.79,CN,1627806487.0
bojnurd,37.4747,57.329,84.15,17.0,0.0,4.61,IR,1627806487.0
hambantota,6.1241,81.1185,95.34,52.0,20.0,17.27,LK,1627806488.0
tlacotepec,20.0667,-97.8667,61.25,92.0,39.0,3.98,MX,1627806488.0
norman wells,65.282,-126.8329,57.24,82.0,40.0,0.0,CA,1627806489.0
kirkland lake,48.1446,-80.0377,52.09,93.0,94.0,3.85,CA,1627806489.0
sioux lookout,50.1001,-91.917,55.78,76.0,75.0,4.61,CA,1627806489.0
edd,13.9297,41.6925,93.72,47.0,6.0,7.87,ER,1627806490.0
landerneau,48.4525,-4.2525,61.83,91.0,75.0,8.05,FR,1627806490.0
taoudenni,22.6783,-3.9836,97.11,28.0,2.0,14.83,ML,1627806491.0
avarua,-21.2078,-159.775,77.05,73.0,100.0,16.11,CK,1627805955.0
san quintin,30.4833,-115.95,69.04,84.0,0.0,7.78,MX,1627805964.0
mount gambier,-37.8333,140.7667,46.02,96.0,59.0,5.32,AU,1627806195.0
inuvik,68.3499,-133.7218,70.66,49.0,75.0,6.91,CA,1627806492.0
kaitangata,-46.2817,169.8464,48.0,96.0,100.0,1.07,NZ,1627806492.0
palma,39.5694,2.6502,77.54,68.0,40.0,3.0,ES,1627806492.0
bilma,18.6853,12.9164,94.73,29.0,2.0,11.65,NE,1627806493.0
okhotsk,59.3833,143.3,70.81,59.0,0.0,6.02,RU,1627806493.0
puerto ayacucho,5.6639,-67.6236,71.33,93.0,97.0,4.21,VE,1627806494.0
tarecuato,19.85,-102.4833,56.88,96.0,44.0,1.81,MX,1627806494.0
vardo,70.3705,31.1107,49.08,93.0,100.0,8.14,NO,1627806495.0
suntar,62.1444,117.6319,84.58,26.0,100.0,9.98,RU,1627806495.0
la ronge,55.1001,-105.2842,55.65,82.0,1.0,2.3,CA,1627806496.0
ancud,-41.8697,-73.8203,31.53,85.0,69.0,4.41,CL,1627806496.0
port hedland,-20.3167,118.5667,80.65,28.0,2.0,6.91,AU,1627806496.0
churapcha,62.0025,132.4325,86.59,23.0,0.0,7.54,RU,1627806497.0
phaltan,17.9833,74.4333,85.77,50.0,100.0,20.11,IN,1627806497.0
kuusamo,65.9667,29.1833,60.84,72.0,90.0,9.22,FI,1627806498.0
ahipara,-35.1667,173.1667,52.11,85.0,0.0,5.46,NZ,1627806498.0
murgab,37.4966,61.9714,96.67,15.0,0.0,11.5,TM,1627806498.0
half moon bay,37.4636,-122.4286,64.74,89.0,75.0,1.01,US,1627806499.0
roald,62.5833,6.1333,58.91,76.0,75.0,14.97,NO,1627806499.0
belyy yar,53.6039,91.3903,75.09,53.0,0.0,8.95,RU,1627806500.0
launceston,-41.45,147.1667,47.84,72.0,6.0,1.99,AU,1627806500.0
san marcos de colon,13.4333,-86.8,65.41,90.0,98.0,6.24,HN,1627806500.0
rio gallegos,-51.6226,-69.2181,44.65,61.0,0.0,14.97,AR,1627806501.0
rulenge,-2.7175,30.6325,72.81,36.0,50.0,10.16,TZ,1627806501.0
lusambo,-4.9667,23.45,89.56,16.0,34.0,7.25,CD,1627806502.0
tezu,27.9167,96.1667,85.71,84.0,52.0,1.83,IN,1627806502.0
gayny,60.3071,54.3241,71.38,53.0,16.0,12.64,RU,1627806503.0
east london,-33.0153,27.9116,79.74,13.0,0.0,9.22,ZA,1627806503.0
dingle,10.9995,122.6711,85.89,72.0,91.0,13.67,PH,1627806503.0
harper,4.375,-7.7169,77.25,80.0,97.0,10.13,LR,1627806504.0
nagato,34.3833,131.2,85.91,76.0,100.0,0.27,JP,1627806505.0
kourou,5.1552,-52.6478,76.1,91.0,99.0,4.05,GF,1627806565.0
tynec nad sazavou,49.8335,14.5898,62.78,92.0,100.0,5.17,CZ,1627806565.0
berdigestyakh,62.0989,126.6992,85.19,24.0,76.0,3.27,RU,1627806566.0
saint-francois,46.4154,3.9054,64.67,79.0,75.0,8.05,FR,1627806566.0
los zacatones,22.95,-102.05,64.65,67.0,27.0,14.36,MX,1627806566.0
roros,62.5747,11.3842,46.24,76.0,90.0,14.97,NO,1627806567.0
rochegda,62.8,43.25,69.42,56.0,50.0,7.85,RU,1627806567.0
great yarmouth,52.6083,1.7305,64.24,89.0,100.0,8.3,GB,1627806568.0
naantali,60.4674,22.0243,64.81,82.0,0.0,8.05,FI,1627806568.0
cap malheureux,-19.9842,57.6142,75.69,68.0,0.0,11.99,MU,1627806569.0
paamiut,61.994,-49.6678,45.32,79.0,100.0,4.72,GL,1627806569.0
mount isa,-20.7333,139.5,87.57,22.0,24.0,2.3,AU,1627806569.0
skjervoy,70.0311,20.9714,45.46,74.0,94.0,6.69,NO,1627806570.0
pilar,-9.5972,-35.9567,73.33,90.0,85.0,11.97,BR,1627806570.0
lensk,60.7253,114.9278,82.47,25.0,70.0,12.08,RU,1627806570.0
villagarzon,1.0375,-76.6267,68.18,96.0,100.0,1.59,CO,1627806571.0
kalmunai,7.4167,81.8167,90.36,53.0,100.0,12.12,LK,1627806571.0
ilulissat,69.2167,-51.1,44.62,93.0,90.0,0.0,GL,1627806572.0
viedma,-40.8135,-62.9967,38.93,70.0,0.0,9.66,AR,1627806572.0
tiksi,71.6872,128.8694,48.34,73.0,2.0,6.53,RU,1627806573.0
badiraguato,25.3667,-107.5167,75.7,89.0,100.0,3.56,MX,1627806573.0
upernavik,72.7868,-56.1549,44.76,73.0,100.0,7.11,GL,1627806573.0
kimbe,-5.5502,150.1429,77.83,88.0,28.0,7.54,PG,1627806574.0
cervo,43.6702,-7.4101,65.19,70.0,100.0,6.4,ES,1627806574.0
fairbanks,64.8378,-147.7164,68.34,62.0,1.0,8.05,US,1627806332.0
mahon,39.8885,4.2658,73.96,64.0,20.0,10.36,ES,1627806575.0
tucuman,-26.8241,-65.2226,44.6,65.0,0.0,9.22,AR,1627806575.0
phalodi,27.1333,72.3667,91.38,52.0,94.0,18.79,IN,1627806576.0
gidam,18.9833,81.4,80.96,77.0,100.0,12.19,IN,1627806576.0
rincon,32.296,-81.2354,82.85,80.0,1.0,11.5,US,1627806576.0
zheshart,62.0731,49.5733,63.79,69.0,96.0,8.59,RU,1627806577.0
aklavik,68.2191,-135.0107,70.63,50.0,100.0,8.9,CA,1627806577.0
teutonia,-29.4481,-51.8064,47.34,94.0,98.0,3.27,BR,1627806578.0
iqaluit,63.7506,-68.5145,51.53,66.0,75.0,2.3,CA,1627806578.0
touros,-5.1989,-35.4608,72.5,89.0,38.0,13.42,BR,1627806578.0
ebolowa,2.9,11.15,71.71,92.0,99.0,3.15,CM,1627806579.0
chicaman,15.4,-90.7667,59.94,97.0,100.0,1.97,GT,1627806579.0
mandal,25.45,74.5667,74.98,89.0,100.0,14.63,IN,1627806580.0
delano,35.7688,-119.247,84.33,22.0,1.0,0.0,US,1627806580.0
bad aussee,47.61,13.7824,62.91,94.0,61.0,9.57,AT,1627806581.0
kinkala,-4.3614,14.7644,70.11,56.0,73.0,5.26,CG,1627806581.0
lakes entrance,-37.8811,147.981,49.17,68.0,1.0,9.46,AU,1627806581.0
kodinsk,58.6881,99.1844,62.56,75.0,100.0,5.37,RU,1627806582.0
clocolan,-28.9137,27.5656,56.12,19.0,0.0,4.54,ZA,1627806582.0
morgan city,29.6994,-91.2068,75.99,87.0,25.0,4.03,US,1627806583.0
stornoway,58.2093,-6.3865,55.92,71.0,90.0,4.61,GB,1627806584.0
west des moines,41.572,-93.7453,66.99,84.0,1.0,5.01,US,1627806540.0
beira,-19.8436,34.8389,73.49,73.0,20.0,6.91,MZ,1627806584.0
conde,-7.2597,-34.9075,72.86,94.0,20.0,6.91,BR,1627806585.0
gat,31.61,34.7642,97.39,29.0,0.0,7.09,IL,1627806585.0
merauke,-8.4667,140.3333,78.42,74.0,55.0,16.44,ID,1627806646.0
ishinomaki,38.4167,141.3,82.4,89.0,6.0,7.07,JP,1627806646.0
svetlogorsk,52.6333,29.7333,79.38,55.0,23.0,5.06,BY,1627806647.0
alice springs,-23.7,133.8833,74.21,21.0,36.0,11.99,AU,1627806647.0
kabare,-2.4683,28.8242,69.48,46.0,58.0,7.52,CD,1627806370.0
richards bay,-28.783,32.0377,76.98,26.0,0.0,6.58,ZA,1627806647.0
dodge city,37.7528,-100.0171,70.25,87.0,90.0,5.99,US,1627806648.0
port macquarie,-31.4333,152.9167,73.36,63.0,0.0,6.04,AU,1627806648.0
vallenar,-28.5708,-70.7581,61.83,22.0,1.0,3.69,CL,1627806649.0
oxford,51.7522,-1.256,63.37,93.0,75.0,3.44,GB,1627806649.0
hastings,50.8552,0.5729,64.98,76.0,53.0,9.01,GB,1627806650.0
waingapu,-9.6567,120.2641,82.36,65.0,51.0,8.59,ID,1627806650.0
te anau,-45.4167,167.7167,44.38,94.0,48.0,1.48,NZ,1627806650.0
adrar,20.5022,-10.0711,90.34,37.0,74.0,16.64,MR,1627806651.0
chakwal,32.9334,72.8585,92.17,47.0,90.0,4.54,PK,1627806651.0
tautira,-17.7333,-149.15,71.62,64.0,51.0,11.61,PF,1627806652.0
ucluelet,48.9329,-125.5528,69.1,92.0,76.0,1.01,CA,1627806615.0
mae sot,16.7167,98.5667,78.75,89.0,75.0,9.22,TH,1627806652.0
macheng,31.1783,115.0319,96.3,51.0,0.0,2.98,CN,1627806653.0
pout,14.7739,-17.0603,80.58,83.0,20.0,8.05,SN,1627806382.0
tiarei,-17.5333,-149.3333,71.62,65.0,77.0,13.35,PF,1627806653.0
massaguet,12.4755,15.4365,80.64,75.0,100.0,7.38,TD,1627806654.0
peace river,56.2501,-117.286,62.91,88.0,75.0,12.66,CA,1627806654.0
anadyr,64.75,177.4833,48.7,81.0,20.0,8.95,RU,1627806654.0
bereda,43.2686,-7.5406,62.01,78.0,95.0,3.53,ES,1627806655.0
lompoc,34.6391,-120.4579,62.28,91.0,1.0,0.0,US,1627806655.0
san julian,21.0167,-102.1667,55.72,86.0,41.0,2.66,MX,1627806656.0
stulovo,58.7225,50.1439,75.02,41.0,4.0,14.03,RU,1627806656.0
kirishi,59.4471,32.0205,59.77,78.0,89.0,10.56,RU,1627806657.0
port elizabeth,-33.918,25.5701,64.09,77.0,0.0,18.41,ZA,1627806549.0
ust-kuyga,70.0167,135.6,61.83,43.0,7.0,11.95,RU,1627806657.0
wajima,37.4,136.9,84.88,74.0,40.0,5.75,JP,1627806658.0
portland,45.5234,-122.6762,72.28,75.0,75.0,1.01,US,1627805975.0
aksarka,66.5606,67.7975,54.82,87.0,100.0,7.45,RU,1627806659.0
olinda,-8.0089,-34.8553,76.73,83.0,75.0,23.02,BR,1627806437.0
saint-augustin,51.226,-58.6502,50.86,85.0,38.0,7.45,CA,1627806659.0
mizan teferi,6.9833,35.5833,75.24,54.0,98.0,1.48,ET,1627806660.0
keuruu,62.2667,24.7,66.34,80.0,100.0,8.23,FI,1627806660.0
bathsheba,13.2167,-59.5167,79.99,77.0,17.0,13.35,BB,1627806660.0
tura,25.5198,90.2201,81.52,81.0,99.0,7.36,IN,1627806661.0
innisfail,-17.5333,146.0333,70.77,83.0,1.0,2.84,AU,1627806614.0
arras,50.293,2.7819,66.65,87.0,70.0,12.75,FR,1627806662.0
koslan,63.4564,48.8989,69.33,60.0,63.0,8.66,RU,1627806662.0
honiara,-9.4333,159.95,77.09,86.0,100.0,2.46,SB,1627806663.0
banda aceh,5.5577,95.3222,85.8,62.0,97.0,19.51,ID,1627806485.0
arkhara,49.4212,130.0842,77.14,75.0,93.0,14.63,RU,1627806663.0
acajutla,13.5928,-89.8275,77.81,76.0,85.0,5.19,SV,1627806664.0
thyboron,56.6985,8.2124,64.18,68.0,13.0,21.9,DK,1627806616.0
kamenka,51.3223,42.7678,88.57,36.0,1.0,2.37,RU,1627806665.0
umea,63.8284,20.2597,66.13,72.0,20.0,3.44,SE,1627806665.0
ninghai,29.2892,121.4247,85.68,95.0,100.0,0.96,CN,1627806725.0
fria,10.4167,-13.5833,72.61,96.0,100.0,1.52,GN,1627806726.0
beyneu,45.3167,55.2,99.68,9.0,0.0,5.7,KZ,1627806726.0
basco,20.4487,121.9702,81.03,90.0,100.0,29.64,PH,1627806726.0
kulhudhuffushi,6.6221,73.07,82.56,71.0,42.0,11.45,MV,1627806727.0
bonnyville,54.2668,-110.735,72.72,50.0,64.0,4.92,CA,1627806727.0
wanning,18.8003,110.3967,89.22,69.0,100.0,12.08,CN,1627806728.0
angoram,-4.0625,144.0661,78.33,87.0,12.0,4.59,PG,1627806728.0
ayan,56.45,138.1667,59.63,77.0,81.0,16.33,RU,1627806728.0
lasa,46.6166,10.7002,62.06,83.0,99.0,1.7,IT,1627806729.0
balkhash,46.844,74.9804,90.21,14.0,0.0,13.42,KZ,1627806729.0
durango,24.8333,-104.8333,63.41,72.0,85.0,4.32,MX,1627806672.0
lachi,33.3833,71.3386,95.54,45.0,61.0,5.41,PK,1627806730.0
tres arroyos,-38.3739,-60.2798,35.96,77.0,0.0,2.06,AR,1627806730.0
derzhavinsk,51.1,66.3167,94.87,21.0,51.0,11.27,KZ,1627806731.0
saint-pierre,-21.3393,55.4781,76.68,63.0,0.0,23.02,RE,1627806731.0
geraldton,-28.7667,114.6,63.01,55.0,75.0,20.71,AU,1627806732.0
luganville,-15.5333,167.1667,71.85,69.0,56.0,7.76,VU,1627806732.0
esna,25.2934,32.554,103.41,11.0,60.0,2.44,EG,1627806732.0
barranca,-10.75,-77.7667,62.2,86.0,95.0,6.91,PE,1627806733.0
chiang klang,19.2938,100.8617,87.13,95.0,100.0,2.73,TH,1627806733.0
laguna de duero,41.5815,-4.7233,63.01,55.0,0.0,4.61,ES,1627806733.0
laguna,38.421,-121.4238,80.2,64.0,1.0,1.01,US,1627806734.0
vila franca do campo,37.7167,-25.4333,72.01,82.0,71.0,6.26,PT,1627806734.0
ponta delgada,37.7333,-25.6667,72.32,78.0,20.0,6.91,PT,1627806735.0
feicheng,35.2606,117.9675,88.5,67.0,68.0,4.27,CN,1627806735.0
brae,60.3964,-1.353,51.71,75.0,27.0,17.96,GB,1627806735.0
cayenne,4.9333,-52.3333,76.08,90.0,40.0,1.14,GF,1627806736.0
ilmajoki,62.7333,22.5667,64.53,74.0,75.0,5.75,FI,1627806736.0
grajau,-5.8194,-46.1386,73.83,66.0,74.0,8.14,BR,1627806736.0
sao filipe,14.8961,-24.4956,74.93,83.0,63.0,7.76,CV,1627806737.0
muyezerskiy,63.9333,31.65,67.98,60.0,60.0,8.77,RU,1627806737.0
nelson bay,-32.7167,152.15,65.77,90.0,88.0,11.88,AU,1627806738.0
vikhorevka,56.1201,101.1636,72.99,55.0,100.0,6.8,RU,1627806738.0
krasnoselkup,65.7,82.4667,68.43,42.0,92.0,5.41,RU,1627806738.0
tupiza,-21.45,-65.7167,36.14,71.0,95.0,1.95,BO,1627806739.0
danilov,58.1908,40.1717,75.02,47.0,100.0,9.08,RU,1627806739.0
kasempa,-13.4584,25.8338,73.45,32.0,0.0,10.63,ZM,1627806739.0
matagami,49.7502,-77.6328,48.31,93.0,1.0,9.22,CA,1627806740.0
buraydah,26.326,43.975,102.65,8.0,1.0,7.34,SA,1627806740.0
lake charles,30.2131,-93.2044,82.4,92.0,1.0,3.44,US,1627806741.0
tuatapere,-46.1333,167.6833,44.82,94.0,67.0,3.65,NZ,1627806741.0
quatre cocos,-20.2078,57.7625,75.31,63.0,6.0,19.17,MU,1627806742.0
vila velha,-20.3297,-40.2925,70.97,78.0,75.0,3.44,BR,1627806742.0
fairlie,55.756,-4.8556,60.42,69.0,96.0,1.99,GB,1627806743.0
wattegama,6.7989,81.4808,94.12,32.0,100.0,9.28,LK,1627806743.0
valparaiso,-33.0393,-71.6273,48.47,86.0,0.0,4.61,CL,1627806702.0
biak,-0.9131,122.8766,80.28,79.0,100.0,7.38,ID,1627806744.0
uruzgan,32.8333,66.0,93.2,12.0,0.0,12.08,AF,1627806744.0
carutapera,-1.195,-46.02,74.68,91.0,90.0,4.9,BR,1627806744.0
kavaratti,10.5669,72.642,82.51,76.0,93.0,15.7,IN,1627806805.0
houston,29.7633,-95.3633,83.08,85.0,1.0,1.99,US,1627806004.0
turukhansk,65.8167,87.9833,57.7,89.0,100.0,7.25,RU,1627806806.0
neuquen,-38.9516,-68.0591,26.49,100.0,0.0,0.0,AR,1627806584.0
severo-kurilsk,50.6789,156.125,51.46,81.0,82.0,18.61,RU,1627806807.0
marinette,45.1,-87.6307,64.85,88.0,1.0,5.75,US,1627806807.0
katsuura,35.1333,140.3,86.14,80.0,11.0,7.92,JP,1627806808.0
agirish,61.9247,63.0231,72.95,56.0,89.0,7.27,RU,1627806808.0
davila,18.4726,120.5763,78.78,87.0,100.0,24.38,PH,1627806809.0
zeya,53.75,127.2667,52.66,98.0,100.0,4.29,RU,1627806809.0
oussouye,12.485,-16.5469,75.38,84.0,100.0,9.04,SN,1627806809.0
pakxan,18.3778,103.6601,79.77,92.0,100.0,2.1,LA,1627806810.0
fortuna,40.5982,-124.1573,63.43,92.0,90.0,1.01,US,1627806810.0
olafsvik,64.8945,-23.7142,52.92,96.0,100.0,5.35,IS,1627806811.0
kaeo,-35.1,173.7833,51.33,87.0,11.0,4.07,NZ,1627806811.0
pirogovo,56.7796,53.1495,77.65,58.0,1.0,14.67,RU,1627806811.0
ngunguru,-35.6167,174.5,51.17,88.0,76.0,8.48,NZ,1627806812.0
fukue,32.6881,128.8419,84.56,84.0,75.0,8.05,JP,1627806812.0
jharsuguda,21.85,84.0333,82.51,83.0,90.0,6.91,IN,1627806813.0
bambari,5.768,20.6757,68.49,97.0,100.0,2.35,CF,1627806813.0
linxia,35.6003,103.2064,90.66,21.0,12.0,8.43,CN,1627806814.0
machado,-21.6747,-45.9197,43.88,90.0,26.0,1.92,BR,1627806785.0
darhan,49.4867,105.9228,75.33,49.0,92.0,2.44,MN,1627806814.0
bay roberts,47.5999,-53.2648,61.43,91.0,34.0,1.99,CA,1627806815.0
xacmaz,41.4635,48.806,90.61,37.0,8.0,14.81,AZ,1627806815.0
san cristobal,7.7669,-72.225,65.19,97.0,91.0,5.66,VE,1627806815.0
rakaia,-43.75,172.0167,50.81,97.0,100.0,4.07,NZ,1627806816.0
ciudad bolivar,8.1222,-63.5497,74.79,90.0,98.0,4.81,VE,1627806816.0
guaruja,-23.9931,-46.2564,61.16,26.0,100.0,1.01,BR,1627806788.0
camopi,3.1655,-52.3158,69.66,99.0,48.0,1.23,GF,1627806817.0
quang ngai,15.1167,108.8,86.58,70.0,100.0,6.58,VN,1627806817.0
vestmannaeyjar,63.4427,-20.2734,54.59,94.0,90.0,5.75,IS,1627806818.0
beloha,-25.1667,45.05,76.66,38.0,0.0,11.79,MG,1627806818.0
porto walter,-8.2686,-72.7439,66.87,68.0,94.0,1.54,BR,1627806819.0
umm lajj,25.0213,37.2685,93.31,40.0,98.0,12.68,SA,1627806819.0
alappuzha,9.49,76.3264,82.31,71.0,98.0,12.55,IN,1627806819.0
bauta,22.9828,-82.5464,75.09,100.0,20.0,2.3,CU,1627806820.0
beringovskiy,63.05,179.3167,46.33,82.0,100.0,5.1,RU,1627806820.0
henties bay,-22.116,14.2845,80.01,24.0,0.0,24.96,NA,1627806821.0
araguari,-18.6472,-48.1872,57.49,64.0,82.0,8.3,BR,1627806821.0
lethem,3.3803,-59.7968,73.09,94.0,100.0,3.13,GY,1627806821.0
takoradi,4.8845,-1.7554,79.59,75.0,99.0,7.16,GH,1627806822.0
hami,42.8,93.45,69.44,51.0,91.0,18.28,CN,1627806822.0
pacific grove,36.6177,-121.9166,60.76,91.0,75.0,1.01,US,1627806823.0
magaria,12.9983,8.9099,84.02,60.0,100.0,11.1,NE,1627806823.0
maple valley,47.3927,-122.0464,69.67,76.0,1.0,4.61,US,1627806823.0
vao,-22.6667,167.4833,67.87,58.0,74.0,20.87,NC,1627806824.0
yerofey pavlovich,53.9667,121.9667,51.21,98.0,100.0,3.13,RU,1627806824.0
west wendover,40.7391,-114.0733,70.81,60.0,1.0,5.75,US,1627806720.0
manokwari,-0.8667,134.0833,81.97,75.0,96.0,1.23,ID,1627806825.0
sesimbra,38.4445,-9.1015,68.27,71.0,71.0,10.8,PT,1627806885.0
rawson,-43.3002,-65.1023,43.83,57.0,90.0,15.46,AR,1627806886.0
miramar,25.9873,-80.2323,82.98,81.0,1.0,0.0,US,1627806641.0
gorele,41.0308,39.0031,80.04,72.0,51.0,6.87,TR,1627806886.0
riachao,-7.3619,-46.6172,71.62,65.0,94.0,11.61,BR,1627806887.0
hasaki,35.7333,140.8333,88.29,83.0,8.0,9.69,JP,1627806887.0
kavieng,-2.5744,150.7967,82.63,73.0,5.0,5.41,PG,1627806888.0
sivas,39.7916,37.0019,72.23,52.0,0.0,8.05,TR,1627806888.0
tongzi,28.7829,105.0877,93.92,44.0,0.0,4.61,CN,1627806889.0
sao geraldo do araguaia,-6.4006,-48.555,72.55,53.0,72.0,3.27,BR,1627806889.0
namibe,-15.1961,12.1522,81.57,35.0,0.0,2.8,AO,1627806889.0
pahasu,28.1833,78.05,96.4,49.0,54.0,6.69,IN,1627806890.0
vostok,46.4856,135.8833,77.54,64.0,80.0,5.55,RU,1627806890.0
kandrian,-6.2167,149.55,77.31,85.0,97.0,11.72,PG,1627806891.0
naples,40.8333,14.25,93.58,53.0,0.0,3.0,IT,1627806891.0
hun,29.1268,15.9477,98.96,11.0,0.0,3.67,LY,1627806892.0
boralday,43.3578,76.8594,87.66,19.0,20.0,8.95,KZ,1627806892.0
inhambane,-23.865,35.3833,71.58,68.0,20.0,4.61,MZ,1627806892.0
tabou,4.423,-7.3528,78.33,79.0,99.0,9.66,CI,1627806893.0
wichita,37.6922,-97.3375,74.17,81.0,90.0,1.99,US,1627806293.0
tobol,52.6844,62.5794,89.65,34.0,14.0,16.46,KZ,1627806893.0
freetown,8.484,-13.2299,74.26,93.0,100.0,3.6,SL,1627806894.0
jiayuguan,39.8167,98.3,86.02,19.0,72.0,15.3,CN,1627806894.0
pizhanka,57.4604,48.542,77.7,41.0,40.0,14.41,RU,1627806895.0
asau,46.4333,26.4,85.75,47.0,0.0,1.36,RO,1627806895.0
calvinia,-31.4707,19.776,69.62,18.0,0.0,11.5,ZA,1627806896.0
zhigansk,66.7697,123.3711,80.8,39.0,45.0,12.33,RU,1627806896.0
pitimbu,-7.4706,-34.8086,73.99,84.0,27.0,17.29,BR,1627806896.0
krasnyy profintern,57.7446,40.435,75.22,46.0,100.0,11.68,RU,1627806897.0
grand-lahou,5.1367,-5.0242,77.13,83.0,99.0,7.81,CI,1627806897.0
osypenko,46.9136,36.8253,82.83,40.0,17.0,4.18,UA,1627806897.0
sortavala,61.7053,30.6918,63.19,87.0,96.0,10.65,RU,1627806898.0
luebo,-5.35,21.4167,93.06,13.0,88.0,4.85,CD,1627806898.0
los llanos de aridane,28.6585,-17.9182,68.13,86.0,40.0,19.57,ES,1627806899.0
hobyo,5.3505,48.5268,83.39,61.0,65.0,18.32,SO,1627806899.0
tukrah,32.5341,20.5791,88.88,47.0,0.0,8.79,LY,1627806899.0
kentville,45.0835,-64.4988,57.4,95.0,73.0,2.3,CA,1627806614.0
colquechaca,-18.6667,-66.0167,27.27,80.0,100.0,5.82,BO,1627806900.0
vechelde,52.2604,10.3649,68.04,61.0,75.0,7.0,DE,1627806900.0
campbell river,50.0163,-125.2446,69.33,79.0,73.0,8.03,CA,1627806730.0
tabas,33.5959,56.9244,101.01,8.0,3.0,6.85,IR,1627806901.0
platanos,37.6667,21.6167,106.7,22.0,0.0,7.74,GR,1627806901.0
billings,45.7833,-108.5007,76.51,37.0,1.0,5.75,US,1627806902.0
caravelas,-17.7125,-39.2481,68.27,67.0,72.0,12.19,BR,1627806902.0
hailey,43.5196,-114.3153,64.26,88.0,90.0,0.0,US,1627806903.0
gizo,-8.103,156.8419,81.1,79.0,90.0,15.61,SB,1627806904.0
mangrol,21.1167,70.1167,83.59,78.0,78.0,22.82,IN,1627806904.0
filingue,14.3521,3.3168,84.88,58.0,57.0,16.58,NE,1627806905.0
aranos,-24.1333,19.1167,64.98,25.0,0.0,11.43,NA,1627806905.0
lagoa,39.05,-27.9833,70.97,89.0,20.0,13.76,PT,1627806905.0
maceio,-9.6658,-35.7353,74.64,83.0,40.0,16.11,BR,1627806966.0
bagdarin,54.4333,113.6,61.27,72.0,28.0,0.2,RU,1627806966.0
flin flon,54.7682,-101.865,62.19,55.0,92.0,3.2,CA,1627806966.0
binalbagan,10.1948,122.8581,82.98,80.0,87.0,12.73,PH,1627806967.0
vasto,42.1243,14.7059,97.45,31.0,95.0,12.5,IT,1627806967.0
verkhnevilyuysk,63.4453,120.3167,83.84,33.0,25.0,4.47,RU,1627806968.0
luena,-11.7833,19.9167,72.95,28.0,0.0,10.47,AO,1627806968.0
guaranda,-1.6,-79.0,50.94,77.0,9.0,9.01,EC,1627806734.0
melilla,35.2937,-2.9383,82.6,29.0,0.0,12.66,ES,1627806969.0
kindu,-2.95,25.95,92.44,23.0,31.0,2.21,CD,1627806969.0
la asuncion,11.0333,-63.8628,78.53,100.0,23.0,6.91,VE,1627806969.0
kuzhener,56.8111,48.9128,77.22,47.0,20.0,13.94,RU,1627806970.0
constitucion,-35.3333,-72.4167,48.69,74.0,0.0,7.0,CL,1627806970.0
wekiva springs,28.6986,-81.4256,80.65,82.0,25.0,5.5,US,1627806971.0
north bend,43.4065,-124.2243,61.25,100.0,90.0,8.05,US,1627806971.0
broome,42.2506,-75.833,58.35,94.0,1.0,4.61,US,1627806971.0
cam ranh,11.9214,109.1591,96.76,49.0,40.0,11.5,VN,1627806972.0
asyut,27.181,31.1837,89.78,13.0,23.0,3.76,EG,1627806972.0
baiyin,36.5583,104.2081,95.88,13.0,31.0,11.41,CN,1627806973.0
ankazoabo,-22.2833,44.5167,81.19,22.0,0.0,7.07,MG,1627806973.0
bjorkelangen,59.8848,11.5694,61.39,83.0,100.0,5.95,NO,1627806973.0
charters towers,-20.1,146.2667,72.32,61.0,53.0,13.38,AU,1627806969.0
manta,-0.95,-80.7333,71.46,88.0,97.0,10.92,EC,1627806974.0
bilibino,68.0546,166.4372,42.13,55.0,95.0,10.54,RU,1627806737.0
rio claro,-22.4114,-47.5614,41.79,87.0,95.0,3.67,BR,1627806974.0
constantine,36.365,6.6147,87.21,28.0,75.0,4.61,DZ,1627806975.0
qasigiannguit,68.8193,-51.1922,44.85,76.0,51.0,3.47,GL,1627806975.0
praya,14.9215,-23.5087,75.74,73.0,75.0,11.5,CV,1627806976.0
perth,-31.9333,115.8333,60.06,56.0,20.0,27.63,AU,1627806914.0
chernoyerkovskaya,45.4331,37.7686,90.1,42.0,0.0,11.32,RU,1627806976.0
aldan,58.6031,125.3894,62.69,57.0,100.0,12.71,RU,1627806976.0
poronaysk,49.2167,143.1167,59.27,67.0,99.0,7.85,RU,1627806977.0
ust-tsilma,65.441,52.1498,65.23,77.0,100.0,7.56,RU,1627806977.0
nouadhibou,20.931,-17.0347,71.58,88.0,20.0,11.5,MR,1627806978.0
novovelichkovskaya,45.2778,38.8436,97.11,26.0,0.0,4.03,RU,1627806978.0
teahupoo,-17.8333,-149.2667,66.16,65.0,53.0,12.15,PF,1627806978.0
monroe,43.1501,-77.6831,62.96,84.0,75.0,6.91,US,1627806979.0
makakilo city,21.3469,-158.0858,77.32,67.0,1.0,12.66,US,1627806979.0
mchinji,-13.7984,32.8802,71.29,42.0,10.0,6.89,MW,1627806980.0
hornepayne,49.2138,-84.7705,50.27,95.0,100.0,4.88,CA,1627806980.0
isangel,-19.55,169.2667,69.6,60.0,0.0,16.15,VU,1627806980.0
baltiysk,54.6538,19.911,67.98,65.0,79.0,13.67,RU,1627806981.0
oranjemund,-28.55,16.4333,73.4,24.0,2.0,8.14,NA,1627806981.0
three hills,51.7001,-113.2686,74.59,55.0,7.0,8.05,CA,1627806981.0
colac,-38.3333,143.5833,50.43,91.0,79.0,4.54,AU,1627806982.0
ondjiva,-17.0667,15.7333,64.44,36.0,0.0,16.11,AO,1627806982.0
abnub,27.2696,31.1511,89.82,13.0,14.0,3.69,EG,1627806983.0
kudahuvadhoo,2.6708,72.8944,82.69,70.0,87.0,4.25,MV,1627806983.0
pandan,14.0453,124.1694,86.88,71.0,99.0,13.09,PH,1627806983.0
atbasar,51.8,68.3333,92.91,26.0,9.0,11.81,KZ,1627806984.0
batavia,41.85,-88.3126,69.6,84.0,1.0,1.01,US,1627807044.0
plainview,40.7765,-73.4673,69.26,79.0,1.0,0.0,US,1627807045.0
bayir,37.2687,28.2167,99.12,16.0,0.0,16.44,TR,1627807045.0
basoko,1.2391,23.616,80.51,68.0,93.0,3.2,CD,1627807046.0
villa sandino,12.0483,-84.9936,73.26,91.0,89.0,11.54,NI,1627807046.0
ketchikan,55.3422,-131.6461,57.67,100.0,90.0,3.44,US,1627807047.0
birin,26.8865,88.0718,72.82,82.0,67.0,4.38,NP,1627807047.0
virginia beach,36.8529,-75.978,77.0,86.0,90.0,4.61,US,1627807048.0
urumqi,43.801,87.6005,79.75,21.0,0.0,8.95,CN,1627807048.0
malanje,-9.5402,16.341,78.31,19.0,1.0,10.0,AO,1627807049.0
grand gaube,-20.0064,57.6608,75.6,66.0,1.0,14.0,MU,1627807049.0
hofn,64.2539,-15.2082,48.22,93.0,90.0,2.3,IS,1627807050.0
miranda,3.2499,-76.2281,68.13,76.0,24.0,5.17,CO,1627807050.0
hurup,56.7494,8.4195,65.7,21.0,6.0,21.45,DK,1627807051.0
senneterre,48.3835,-77.2328,53.82,97.0,50.0,3.18,CA,1627807051.0
rumonge,-3.9736,29.4386,79.77,41.0,12.0,6.73,BI,1627807052.0
kirakira,-10.4544,161.9205,75.27,81.0,100.0,7.29,SB,1627807052.0
guerrero negro,27.9769,-114.0611,70.79,83.0,7.0,7.83,MX,1627807053.0
avera,33.194,-82.5271,80.71,74.0,40.0,5.64,US,1627807053.0
kahului,20.8947,-156.47,76.26,77.0,1.0,18.41,US,1627807054.0
sorong,-0.8833,131.25,84.83,73.0,100.0,11.88,ID,1627806817.0
